region,mse_2024,rmse_2024,r2_2024
Rakhiyal,0.32665710907450296,0.5715392454368318,0.9906753356928527
Bopal,0.2839728929821717,0.5328910704657864,0.992093782945369
Ambawadi,0.32603426309077854,0.5709941007495424,0.9909227334194739
Chandkheda,0.33218100875631595,0.5763514628734068,0.9908273447515352
Vastral,0.3143387779541303,0.5606592351456723,0.9910471353988903
